Скважина,Наличие ГТМ,Тип ГТМ,Дата начала,Дата окончания,Обоснование
124,Нет,-,2026-01-01,2026-08-31,Признаков проведения насосных ГТМ не зафиксировано.
300,Нет,-,2026-01-01,2026-08-31,Признаков проведения насосных ГТМ не зафиксировано.
302,Нет,-,2026-01-01,2026-08-31,Признаков проведения насосных ГТМ не зафиксировано.
539Б,Нет,-,2026-01-01,2026-08-31,Признаков проведения насосных ГТМ не зафиксировано.
561Е,Нет,-,2026-01-01,2026-08-31,Признаков проведения насосных ГТМ не зафиксировано.
665,Нет,-,2026-01-01,2026-08-31,Признаков проведения насосных ГТМ не зафиксировано.
779,Нет,-,2026-01-01,2026-08-31,Признаков проведения насосных ГТМ не зафиксировано.
795,Нет,-,2026-01-01,2026-08-31,Признаков проведения насосных ГТМ не зафиксировано.
840,Нет,-,2026-01-01,2026-08-31,Признаков проведения насосных ГТМ не зафиксировано.
940Е,Да,Изменение частоты вращения ЭЦН,2026-04-29,2026-04-30,Зафиксирован старт 'Изменение частоты вращения ЭЦН' от 29.04.2026. Базовый дебит Q_base = 1.2 т/сут. Окончание эффекта: 30.04.2026.
1095,Нет,-,2026-01-01,2026-08-31,Признаков проведения насосных ГТМ не зафиксировано.
1623В,Да,Изменение частоты вращения ЭЦН,2026-01-01,2026-08-31,Зафиксирован старт 'Изменение частоты вращения ЭЦН' от 01.01.2026. Базовый дебит Q_base = 0.0 т/сут. Окончание эффекта: 31.08.2026.
2546,Нет,-,2026-01-01,2026-08-31,Признаков проведения насосных ГТМ не зафиксировано.
2685,Нет,-,2026-01-01,2026-08-31,Признаков проведения насосных ГТМ не зафиксировано.
2692,Нет,-,2026-01-01,2026-08-31,Признаков проведения насосных ГТМ не зафиксировано.
2732,Нет,-,2026-01-01,2026-08-31,Признаков проведения насосных ГТМ не зафиксировано.
3259,Нет,-,2026-01-01,2026-08-31,Признаков проведения насосных ГТМ не зафиксировано.
3354Б,Нет,-,2026-01-01,2026-08-31,Признаков проведения насосных ГТМ не зафиксировано.
3433,Да,Изменение частоты вращения ЭЦН,2026-05-25,2026-05-26,Зафиксирован старт 'Изменение частоты вращения ЭЦН' от 25.05.2026. Базовый дебит Q_base = 14.0 т/сут. Окончание эффекта: 26.05.2026.
3549,Нет,-,2026-01-01,2026-08-31,Признаков проведения насосных ГТМ не зафиксировано.
3741Б,Нет,-,2026-01-01,2026-08-31,Признаков проведения насосных ГТМ не зафиксировано.
3984Б,Да,Изменение частоты вращения ЭЦН,2026-04-01,2026-04-02,Зафиксирован старт 'Изменение частоты вращения ЭЦН' от 01.04.2026. Базовый дебит Q_base = 10.5 т/сут. Окончание эффекта: 02.04.2026.
4102,Нет,-,2026-01-01,2026-08-31,Признаков проведения насосных ГТМ не зафиксировано.
4107,Нет,-,2026-01-01,2026-08-31,Признаков проведения насосных ГТМ не зафиксировано.
4124,Да,Изменение частоты вращения ЭЦН,2026-07-08,2026-07-09,Зафиксирован старт 'Изменение частоты вращения ЭЦН' от 08.07.2026. Базовый дебит Q_base = 3.2 т/сут. Окончание эффекта: 09.07.2026.
4894Б,Нет,-,2026-01-01,2026-08-31,Признаков проведения насосных ГТМ не зафиксировано.
4921,Нет,-,2026-01-01,2026-08-31,Признаков проведения насосных ГТМ не зафиксировано.
5450,Нет,-,2026-01-01,2026-08-31,Признаков проведения насосных ГТМ не зафиксировано.
6051,Нет,-,2026-01-01,2026-08-31,Признаков проведения насосных ГТМ не зафиксировано.
6055,Нет,-,2026-01-01,2026-08-31,Признаков проведения насосных ГТМ не зафиксировано.
6085Д,Нет,-,2026-01-01,2026-08-31,Признаков проведения насосных ГТМ не зафиксировано.
6087Б,Нет,-,2026-01-01,2026-08-31,Признаков проведения насосных ГТМ не зафиксировано.
6378,Нет,-,2026-01-01,2026-08-31,Признаков проведения насосных ГТМ не зафиксировано.
6897,Нет,-,2026-01-01,2026-08-31,Признаков проведения насосных ГТМ не зафиксировано.
6938,Да,Замена насосного оборудования,2026-01-06,2026-01-07,Зафиксирован старт 'Замена насосного оборудования' от 06.01.2026. Базовый дебит Q_base = 6.5 т/сут. Окончание эффекта: 07.01.2026.
7782,Нет,-,2026-01-01,2026-08-31,Признаков проведения насосных ГТМ не зафиксировано.
8072,Да,Изменение частоты вращения ЭЦН,2026-05-12,2026-05-21,Зафиксирован старт 'Изменение частоты вращения ЭЦН' от 12.05.2026. Базовый дебит Q_base = 12.0 т/сут. Окончание эффекта: 21.05.2026.
8131,Да,Изменение частоты вращения ЭЦН,2026-02-04,2026-02-05,Зафиксирован старт 'Изменение частоты вращения ЭЦН' от 04.02.2026. Базовый дебит Q_base = 3.4 т/сут. Окончание эффекта: 05.02.2026.
8149,Да,Изменение частоты вращения ЭЦН,2026-01-12,2026-01-13,Зафиксирован старт 'Изменение частоты вращения ЭЦН' от 12.01.2026. Базовый дебит Q_base = 5.3 т/сут. Окончание эффекта: 13.01.2026.
8260,Нет,-,2026-01-01,2026-08-31,Признаков проведения насосных ГТМ не зафиксировано.
8822,Нет,-,2026-01-01,2026-08-31,Признаков проведения насосных ГТМ не зафиксировано.
8859,Нет,-,2026-01-01,2026-08-31,Признаков проведения насосных ГТМ не зафиксировано.
9128,Нет,-,2026-01-01,2026-08-31,Признаков проведения насосных ГТМ не зафиксировано.
9423,Нет,-,2026-01-01,2026-08-31,Признаков проведения насосных ГТМ не зафиксировано.
9430,Нет,-,2026-01-01,2026-08-31,Признаков проведения насосных ГТМ не зафиксировано.
9854,Нет,-,2026-01-01,2026-08-31,Признаков проведения насосных ГТМ не зафиксировано.
10013,Нет,-,2026-01-01,2026-08-31,Признаков проведения насосных ГТМ не зафиксировано.
10083,Да,Изменение частоты вращения ЭЦН,2026-05-16,2026-05-17,Зафиксирован старт 'Изменение частоты вращения ЭЦН' от 16.05.2026. Базовый дебит Q_base = 3.7 т/сут. Окончание эффекта: 17.05.2026.
10312,Нет,-,2026-01-01,2026-08-31,Признаков проведения насосных ГТМ не зафиксировано.
10523,Нет,-,2026-01-01,2026-08-31,Признаков проведения насосных ГТМ не зафиксировано.
10552,Нет,-,2026-01-01,2026-08-31,Признаков проведения насосных ГТМ не зафиксировано.
10591,Нет,-,2026-01-01,2026-08-31,Признаков проведения насосных ГТМ не зафиксировано.
10613,Нет,-,2026-01-01,2026-08-31,Признаков проведения насосных ГТМ не зафиксировано.
10629,Нет,-,2026-01-01,2026-08-31,Признаков проведения насосных ГТМ не зафиксировано.
10817,Нет,-,2026-01-01,2026-08-31,Признаков проведения насосных ГТМ не зафиксировано.
10939,Нет,-,2026-01-01,2026-08-31,Признаков проведения насосных ГТМ не зафиксировано.
11057С,Нет,-,2026-01-01,2026-08-31,Признаков проведения насосных ГТМ не зафиксировано.
11082,Нет,-,2026-01-01,2026-08-31,Признаков проведения насосных ГТМ не зафиксировано.
11086,Нет,-,2026-01-01,2026-08-31,Признаков проведения насосных ГТМ не зафиксировано.
11089,Да,Изменение частоты вращения ЭЦН,2026-04-07,2026-04-08,Зафиксирован старт 'Изменение частоты вращения ЭЦН' от 07.04.2026. Базовый дебит Q_base = 4.5 т/сут. Окончание эффекта: 08.04.2026.
11130,Нет,-,2026-01-01,2026-08-31,Признаков проведения насосных ГТМ не зафиксировано.
11138,Нет,-,2026-01-01,2026-08-31,Признаков проведения насосных ГТМ не зафиксировано.
11138С,Нет,-,2026-01-01,2026-08-31,Признаков проведения насосных ГТМ не зафиксировано.
11183,Нет,-,2026-01-01,2026-08-31,Признаков проведения насосных ГТМ не зафиксировано.
11205,Нет,-,2026-01-01,2026-08-31,Признаков проведения насосных ГТМ не зафиксировано.
11220,Нет,-,2026-01-01,2026-08-31,Признаков проведения насосных ГТМ не зафиксировано.
11304,Нет,-,2026-01-01,2026-08-31,Признаков проведения насосных ГТМ не зафиксировано.
11446,Нет,-,2026-01-01,2026-08-31,Признаков проведения насосных ГТМ не зафиксировано.
11453,Нет,-,2026-01-01,2026-08-31,Признаков проведения насосных ГТМ не зафиксировано.
11465,Нет,-,2026-01-01,2026-08-31,Признаков проведения насосных ГТМ не зафиксировано.
11466,Нет,-,2026-01-01,2026-08-31,Признаков проведения насосных ГТМ не зафиксировано.
11470,Нет,-,2026-01-01,2026-08-31,Признаков проведения насосных ГТМ не зафиксировано.
11478,Нет,-,2026-01-01,2026-08-31,Признаков проведения насосных ГТМ не зафиксировано.
11483,Да,Изменение частоты вращения ЭЦН,2026-03-01,2026-03-02,Зафиксирован старт 'Изменение частоты вращения ЭЦН' от 01.03.2026. Базовый дебит Q_base = 6.4 т/сут. Окончание эффекта: 02.03.2026.
11495,Нет,-,2026-01-01,2026-08-31,Признаков проведения насосных ГТМ не зафиксировано.
11572,Нет,-,2026-01-01,2026-08-31,Признаков проведения насосных ГТМ не зафиксировано.
11588,Нет,-,2026-01-01,2026-08-31,Признаков проведения насосных ГТМ не зафиксировано.
11626,Да,Изменение частоты вращения ЭЦН,2026-03-24,2026-04-10,Зафиксирован старт 'Изменение частоты вращения ЭЦН' от 24.03.2026. Базовый дебит Q_base = 9.2 т/сут. Окончание эффекта: 10.04.2026.
11629,Нет,-,2026-01-01,2026-08-31,Признаков проведения насосных ГТМ не зафиксировано.
11650,Нет,-,2026-01-01,2026-08-31,Признаков проведения насосных ГТМ не зафиксировано.
11720,Нет,-,2026-01-01,2026-08-31,Признаков проведения насосных ГТМ не зафиксировано.
11734,Нет,-,2026-01-01,2026-08-31,Признаков проведения насосных ГТМ не зафиксировано.
11831,Нет,-,2026-01-01,2026-08-31,Признаков проведения насосных ГТМ не зафиксировано.
11853,Нет,-,2026-01-01,2026-08-31,Признаков проведения насосных ГТМ не зафиксировано.
11970,Нет,-,2026-01-01,2026-08-31,Признаков проведения насосных ГТМ не зафиксировано.
12067,Да,Изменение частоты вращения ЭЦН,2026-08-10,2026-08-11,Зафиксирован старт 'Изменение частоты вращения ЭЦН' от 10.08.2026. Базовый дебит Q_base = 4.8 т/сут. Окончание эффекта: 11.08.2026.
12180,Да,Изменение частоты вращения ЭЦН,2026-02-07,2026-08-31,Зафиксирован старт 'Изменение частоты вращения ЭЦН' от 07.02.2026. Базовый дебит Q_base = nan т/сут. Окончание эффекта: 31.08.2026.
12208,Нет,-,2026-01-01,2026-08-31,Признаков проведения насосных ГТМ не зафиксировано.
12348Б,Нет,-,2026-01-01,2026-08-31,Признаков проведения насосных ГТМ не зафиксировано.
12430,Нет,-,2026-01-01,2026-08-31,Признаков проведения насосных ГТМ не зафиксировано.
12514,Нет,-,2026-01-01,2026-08-31,Признаков проведения насосных ГТМ не зафиксировано.
12517,Нет,-,2026-01-01,2026-08-31,Признаков проведения насосных ГТМ не зафиксировано.
12559,Нет,-,2026-01-01,2026-08-31,Признаков проведения насосных ГТМ не зафиксировано.
12687,Нет,-,2026-01-01,2026-08-31,Признаков проведения насосных ГТМ не зафиксировано.
12842,Нет,-,2026-01-01,2026-08-31,Признаков проведения насосных ГТМ не зафиксировано.
12898,Нет,-,2026-01-01,2026-08-31,Признаков проведения насосных ГТМ не зафиксировано.
12904,Нет,-,2026-01-01,2026-08-31,Признаков проведения насосных ГТМ не зафиксировано.
12954,Нет,-,2026-01-01,2026-08-31,Признаков проведения насосных ГТМ не зафиксировано.
12962Е,Нет,-,2026-01-01,2026-08-31,Признаков проведения насосных ГТМ не зафиксировано.
13136,Нет,-,2026-01-01,2026-08-31,Признаков проведения насосных ГТМ не зафиксировано.
13232,Нет,-,2026-01-01,2026-08-31,Признаков проведения насосных ГТМ не зафиксировано.
13245,Нет,-,2026-01-01,2026-08-31,Признаков проведения насосных ГТМ не зафиксировано.
13255,Нет,-,2026-01-01,2026-08-31,Признаков проведения насосных ГТМ не зафиксировано.
13769,Нет,-,2026-01-01,2026-08-31,Признаков проведения насосных ГТМ не зафиксировано.
13834,Да,Изменение частоты вращения ЭЦН,2026-01-06,2026-01-07,Зафиксирован старт 'Изменение частоты вращения ЭЦН' от 06.01.2026. Базовый дебит Q_base = 12.5 т/сут. Окончание эффекта: 07.01.2026.
13904,Нет,-,2026-01-01,2026-08-31,Признаков проведения насосных ГТМ не зафиксировано.
14135,Нет,-,2026-01-01,2026-08-31,Признаков проведения насосных ГТМ не зафиксировано.
14362,Нет,-,2026-01-01,2026-08-31,Признаков проведения насосных ГТМ не зафиксировано.
14532,Да,Изменение частоты вращения ЭЦН,2026-05-21,2026-06-05,Зафиксирован старт 'Изменение частоты вращения ЭЦН' от 21.05.2026. Базовый дебит Q_base = 4.2 т/сут. Окончание эффекта: 05.06.2026.
14673,Нет,-,2026-01-01,2026-08-31,Признаков проведения насосных ГТМ не зафиксировано.
15025,Нет,-,2026-01-01,2026-08-31,Признаков проведения насосных ГТМ не зафиксировано.
15030,Да,Изменение частоты вращения ЭЦН,2026-01-16,2026-01-17,Зафиксирован старт 'Изменение частоты вращения ЭЦН' от 16.01.2026. Базовый дебит Q_base = 2.5 т/сут. Окончание эффекта: 17.01.2026.
15112,Нет,-,2026-01-01,2026-08-31,Признаков проведения насосных ГТМ не зафиксировано.
15242,Нет,-,2026-01-01,2026-08-31,Признаков проведения насосных ГТМ не зафиксировано.
15433,Да,Изменение частоты вращения ЭЦН,2026-01-27,2026-01-28,Зафиксирован старт 'Изменение частоты вращения ЭЦН' от 27.01.2026. Базовый дебит Q_base = 4.6 т/сут. Окончание эффекта: 28.01.2026.
15510,Нет,-,2026-01-01,2026-08-31,Признаков проведения насосных ГТМ не зафиксировано.
15694,Нет,-,2026-01-01,2026-08-31,Признаков проведения насосных ГТМ не зафиксировано.
15704,Нет,-,2026-01-01,2026-08-31,Признаков проведения насосных ГТМ не зафиксировано.
15738,Нет,-,2026-01-01,2026-08-31,Признаков проведения насосных ГТМ не зафиксировано.
15756,Нет,-,2026-01-01,2026-08-31,Признаков проведения насосных ГТМ не зафиксировано.
15757,Нет,-,2026-01-01,2026-08-31,Признаков проведения насосных ГТМ не зафиксировано.
15762,Нет,-,2026-01-01,2026-08-31,Признаков проведения насосных ГТМ не зафиксировано.
15817,Нет,-,2026-01-01,2026-08-31,Признаков проведения насосных ГТМ не зафиксировано.
15828,Нет,-,2026-01-01,2026-08-31,Признаков проведения насосных ГТМ не зафиксировано.
15831,Нет,-,2026-01-01,2026-08-31,Признаков проведения насосных ГТМ не зафиксировано.
15891,Нет,-,2026-01-01,2026-08-31,Признаков проведения насосных ГТМ не зафиксировано.
16332,Нет,-,2026-01-01,2026-08-31,Признаков проведения насосных ГТМ не зафиксировано.
16352,Нет,-,2026-01-01,2026-08-31,Признаков проведения насосных ГТМ не зафиксировано.
16606,Нет,-,2026-01-01,2026-08-31,Признаков проведения насосных ГТМ не зафиксировано.
16628,Нет,-,2026-01-01,2026-08-31,Признаков проведения насосных ГТМ не зафиксировано.
16664,Нет,-,2026-01-01,2026-08-31,Признаков проведения насосных ГТМ не зафиксировано.
16672,Нет,-,2026-01-01,2026-08-31,Признаков проведения насосных ГТМ не зафиксировано.
16785,Да,Замена насосного оборудования,2026-02-15,2026-02-16,Зафиксирован старт 'Замена насосного оборудования' от 15.02.2026. Базовый дебит Q_base = 2.9 т/сут. Окончание эффекта: 16.02.2026.
16795,Нет,-,2026-01-01,2026-08-31,Признаков проведения насосных ГТМ не зафиксировано.
16827,Нет,-,2026-01-01,2026-08-31,Признаков проведения насосных ГТМ не зафиксировано.
16830,Нет,-,2026-01-01,2026-08-31,Признаков проведения насосных ГТМ не зафиксировано.
16852,Нет,-,2026-01-01,2026-08-31,Признаков проведения насосных ГТМ не зафиксировано.
16919,Нет,-,2026-01-01,2026-08-31,Признаков проведения насосных ГТМ не зафиксировано.
16971,Нет,-,2026-01-01,2026-08-31,Признаков проведения насосных ГТМ не зафиксировано.
17051,Нет,-,2026-01-01,2026-08-31,Признаков проведения насосных ГТМ не зафиксировано.
17121,Нет,-,2026-01-01,2026-08-31,Признаков проведения насосных ГТМ не зафиксировано.
17137,Нет,-,2026-01-01,2026-08-31,Признаков проведения насосных ГТМ не зафиксировано.
17418,Нет,-,2026-01-01,2026-08-31,Признаков проведения насосных ГТМ не зафиксировано.
17526,Нет,-,2026-01-01,2026-08-31,Признаков проведения насосных ГТМ не зафиксировано.
17557,Нет,-,2026-01-01,2026-08-31,Признаков проведения насосных ГТМ не зафиксировано.
17564,Нет,-,2026-01-01,2026-08-31,Признаков проведения насосных ГТМ не зафиксировано.
17577,Нет,-,2026-01-01,2026-08-31,Признаков проведения насосных ГТМ не зафиксировано.
17580,Нет,-,2026-01-01,2026-08-31,Признаков проведения насосных ГТМ не зафиксировано.
17624,Нет,-,2026-01-01,2026-08-31,Признаков проведения насосных ГТМ не зафиксировано.
17705,Да,Изменение частоты вращения ЭЦН,2026-03-27,2026-08-31,Зафиксирован старт 'Изменение частоты вращения ЭЦН' от 27.03.2026. Базовый дебит Q_base = nan т/сут. Окончание эффекта: 31.08.2026.
17733,Да,Изменение частоты вращения ЭЦН,2026-02-05,2026-02-06,Зафиксирован старт 'Изменение частоты вращения ЭЦН' от 05.02.2026. Базовый дебит Q_base = 2.1 т/сут. Окончание эффекта: 06.02.2026.
18019,Нет,-,2026-01-01,2026-08-31,Признаков проведения насосных ГТМ не зафиксировано.
18422,Нет,-,2026-01-01,2026-08-31,Признаков проведения насосных ГТМ не зафиксировано.
18436,Нет,-,2026-01-01,2026-08-31,Признаков проведения насосных ГТМ не зафиксировано.
18741,Нет,-,2026-01-01,2026-08-31,Признаков проведения насосных ГТМ не зафиксировано.
18836,Нет,-,2026-01-01,2026-08-31,Признаков проведения насосных ГТМ не зафиксировано.
18867,Нет,-,2026-01-01,2026-08-31,Признаков проведения насосных ГТМ не зафиксировано.
19180,Нет,-,2026-01-01,2026-08-31,Признаков проведения насосных ГТМ не зафиксировано.
19411,Нет,-,2026-01-01,2026-08-31,Признаков проведения насосных ГТМ не зафиксировано.
19675,Нет,-,2026-01-01,2026-08-31,Признаков проведения насосных ГТМ не зафиксировано.
25108,Нет,-,2026-01-01,2026-08-31,Признаков проведения насосных ГТМ не зафиксировано.
25115,Да,Изменение частоты вращения ЭЦН,2026-03-15,2026-03-16,Зафиксирован старт 'Изменение частоты вращения ЭЦН' от 15.03.2026. Базовый дебит Q_base = 6.4 т/сут. Окончание эффекта: 16.03.2026.
25216,Нет,-,2026-01-01,2026-08-31,Признаков проведения насосных ГТМ не зафиксировано.
25253,Нет,-,2026-01-01,2026-08-31,Признаков проведения насосных ГТМ не зафиксировано.
25300,Нет,-,2026-01-01,2026-08-31,Признаков проведения насосных ГТМ не зафиксировано.
25322,Нет,-,2026-01-01,2026-08-31,Признаков проведения насосных ГТМ не зафиксировано.
25339,Нет,-,2026-01-01,2026-08-31,Признаков проведения насосных ГТМ не зафиксировано.
25521,Нет,-,2026-01-01,2026-08-31,Признаков проведения насосных ГТМ не зафиксировано.
25540,Нет,-,2026-01-01,2026-08-31,Признаков проведения насосных ГТМ не зафиксировано.
25790,Нет,-,2026-01-01,2026-08-31,Признаков проведения насосных ГТМ не зафиксировано.
25961,Нет,-,2026-01-01,2026-08-31,Признаков проведения насосных ГТМ не зафиксировано.
26489,Нет,-,2026-01-01,2026-08-31,Признаков проведения насосных ГТМ не зафиксировано.
26519,Нет,-,2026-01-01,2026-08-31,Признаков проведения насосных ГТМ не зафиксировано.
26994,Нет,-,2026-01-01,2026-08-31,Признаков проведения насосных ГТМ не зафиксировано.
27327,Нет,-,2026-01-01,2026-08-31,Признаков проведения насосных ГТМ не зафиксировано.
27348,Нет,-,2026-01-01,2026-08-31,Признаков проведения насосных ГТМ не зафиксировано.
27490,Нет,-,2026-01-01,2026-08-31,Признаков проведения насосных ГТМ не зафиксировано.
28125,Нет,-,2026-01-01,2026-08-31,Признаков проведения насосных ГТМ не зафиксировано.
29630,Нет,-,2026-01-01,2026-08-31,Признаков проведения насосных ГТМ не зафиксировано.
30020,Нет,-,2026-01-01,2026-08-31,Признаков проведения насосных ГТМ не зафиксировано.
30051,Нет,-,2026-01-01,2026-08-31,Признаков проведения насосных ГТМ не зафиксировано.
30090,Нет,-,2026-01-01,2026-08-31,Признаков проведения насосных ГТМ не зафиксировано.
30103,Нет,-,2026-01-01,2026-08-31,Признаков проведения насосных ГТМ не зафиксировано.
30154,Нет,-,2026-01-01,2026-08-31,Признаков проведения насосных ГТМ не зафиксировано.
30224,Нет,-,2026-01-01,2026-08-31,Признаков проведения насосных ГТМ не зафиксировано.
30473Б,Нет,-,2026-01-01,2026-08-31,Признаков проведения насосных ГТМ не зафиксировано.
30487,Нет,-,2026-01-01,2026-08-31,Признаков проведения насосных ГТМ не зафиксировано.
30540,Нет,-,2026-01-01,2026-08-31,Признаков проведения насосных ГТМ не зафиксировано.
30583,Да,Изменение частоты вращения ЭЦН,2026-02-14,2026-02-19,Зафиксирован старт 'Изменение частоты вращения ЭЦН' от 14.02.2026. Базовый дебит Q_base = 4.2 т/сут. Окончание эффекта: 19.02.2026.
30619,Нет,-,2026-01-01,2026-08-31,Признаков проведения насосных ГТМ не зафиксировано.
30633,Нет,-,2026-01-01,2026-08-31,Признаков проведения насосных ГТМ не зафиксировано.
30647,Нет,-,2026-01-01,2026-08-31,Признаков проведения насосных ГТМ не зафиксировано.
31126,Да,Изменение частоты вращения ЭЦН,2026-08-10,2026-08-11,Зафиксирован старт 'Изменение частоты вращения ЭЦН' от 10.08.2026. Базовый дебит Q_base = 12.4 т/сут. Окончание эффекта: 11.08.2026.
31128,Нет,-,2026-01-01,2026-08-31,Признаков проведения насосных ГТМ не зафиксировано.
31206,Нет,-,2026-01-01,2026-08-31,Признаков проведения насосных ГТМ не зафиксировано.
31219,Нет,-,2026-01-01,2026-08-31,Признаков проведения насосных ГТМ не зафиксировано.
31416,Нет,-,2026-01-01,2026-08-31,Признаков проведения насосных ГТМ не зафиксировано.
31505,Нет,-,2026-01-01,2026-08-31,Признаков проведения насосных ГТМ не зафиксировано.
32139,Нет,-,2026-01-01,2026-08-31,Признаков проведения насосных ГТМ не зафиксировано.
32453,Нет,-,2026-01-01,2026-08-31,Признаков проведения насосных ГТМ не зафиксировано.
32531,Нет,-,2026-01-01,2026-08-31,Признаков проведения насосных ГТМ не зафиксировано.
32543,Нет,-,2026-01-01,2026-08-31,Признаков проведения насосных ГТМ не зафиксировано.
32724,Нет,-,2026-01-01,2026-08-31,Признаков проведения насосных ГТМ не зафиксировано.
32879,Да,Изменение частоты вращения ЭЦН,2026-01-18,2026-01-19,Зафиксирован старт 'Изменение частоты вращения ЭЦН' от 18.01.2026. Базовый дебит Q_base = 5.3 т/сут. Окончание эффекта: 19.01.2026.
32982,Да,Изменение частоты вращения ЭЦН,2026-05-12,2026-05-14,Зафиксирован старт 'Изменение частоты вращения ЭЦН' от 12.05.2026. Базовый дебит Q_base = 5.7 т/сут. Окончание эффекта: 14.05.2026.
33059,Нет,-,2026-01-01,2026-08-31,Признаков проведения насосных ГТМ не зафиксировано.
33306,Нет,-,2026-01-01,2026-08-31,Признаков проведения насосных ГТМ не зафиксировано.
34787,Нет,-,2026-01-01,2026-08-31,Признаков проведения насосных ГТМ не зафиксировано.
35002,Нет,-,2026-01-01,2026-08-31,Признаков проведения насосных ГТМ не зафиксировано.
35171,Нет,-,2026-01-01,2026-08-31,Признаков проведения насосных ГТМ не зафиксировано.
35299,Нет,-,2026-01-01,2026-08-31,Признаков проведения насосных ГТМ не зафиксировано.
35305,Нет,-,2026-01-01,2026-08-31,Признаков проведения насосных ГТМ не зафиксировано.
35546,Нет,-,2026-01-01,2026-08-31,Признаков проведения насосных ГТМ не зафиксировано.
35560,Нет,-,2026-01-01,2026-08-31,Признаков проведения насосных ГТМ не зафиксировано.
35594,Нет,-,2026-01-01,2026-08-31,Признаков проведения насосных ГТМ не зафиксировано.
35672,Нет,-,2026-01-01,2026-08-31,Признаков проведения насосных ГТМ не зафиксировано.
35685,Нет,-,2026-01-01,2026-08-31,Признаков проведения насосных ГТМ не зафиксировано.
35690,Нет,-,2026-01-01,2026-08-31,Признаков проведения насосных ГТМ не зафиксировано.
35762,Нет,-,2026-01-01,2026-08-31,Признаков проведения насосных ГТМ не зафиксировано.
35778,Да,Изменение частоты вращения ЭЦН,2026-01-24,2026-01-25,Зафиксирован старт 'Изменение частоты вращения ЭЦН' от 24.01.2026. Базовый дебит Q_base = 8.2 т/сут. Окончание эффекта: 25.01.2026.
35827,Нет,-,2026-01-01,2026-08-31,Признаков проведения насосных ГТМ не зафиксировано.
35874,Нет,-,2026-01-01,2026-08-31,Признаков проведения насосных ГТМ не зафиксировано.
35972,Нет,-,2026-01-01,2026-08-31,Признаков проведения насосных ГТМ не зафиксировано.
35999,Нет,-,2026-01-01,2026-08-31,Признаков проведения насосных ГТМ не зафиксировано.
36002,Нет,-,2026-01-01,2026-08-31,Признаков проведения насосных ГТМ не зафиксировано.
36008,Нет,-,2026-01-01,2026-08-31,Признаков проведения насосных ГТМ не зафиксировано.
36084,Нет,-,2026-01-01,2026-08-31,Признаков проведения насосных ГТМ не зафиксировано.
36112,Нет,-,2026-01-01,2026-08-31,Признаков проведения насосных ГТМ не зафиксировано.
36139,Нет,-,2026-01-01,2026-08-31,Признаков проведения насосных ГТМ не зафиксировано.
36200,Нет,-,2026-01-01,2026-08-31,Признаков проведения насосных ГТМ не зафиксировано.
36234,Да,Изменение частоты вращения ЭЦН,2026-01-20,2026-01-21,Зафиксирован старт 'Изменение частоты вращения ЭЦН' от 20.01.2026. Базовый дебит Q_base = 2.8 т/сут. Окончание эффекта: 21.01.2026.
36282,Нет,-,2026-01-01,2026-08-31,Признаков проведения насосных ГТМ не зафиксировано.
36442,Нет,-,2026-01-01,2026-08-31,Признаков проведения насосных ГТМ не зафиксировано.
36906,Нет,-,2026-01-01,2026-08-31,Признаков проведения насосных ГТМ не зафиксировано.
37001,Да,Изменение частоты вращения ЭЦН,2026-03-02,2026-03-03,Зафиксирован старт 'Изменение частоты вращения ЭЦН' от 02.03.2026. Базовый дебит Q_base = 11.3 т/сут. Окончание эффекта: 03.03.2026.
37023,Нет,-,2026-01-01,2026-08-31,Признаков проведения насосных ГТМ не зафиксировано.
37032,Нет,-,2026-01-01,2026-08-31,Признаков проведения насосных ГТМ не зафиксировано.
37096,Нет,-,2026-01-01,2026-08-31,Признаков проведения насосных ГТМ не зафиксировано.
37245,Нет,-,2026-01-01,2026-08-31,Признаков проведения насосных ГТМ не зафиксировано.
37258,Нет,-,2026-01-01,2026-08-31,Признаков проведения насосных ГТМ не зафиксировано.
37270,Нет,-,2026-01-01,2026-08-31,Признаков проведения насосных ГТМ не зафиксировано.
37275,Нет,-,2026-01-01,2026-08-31,Признаков проведения насосных ГТМ не зафиксировано.
37284,Нет,-,2026-01-01,2026-08-31,Признаков проведения насосных ГТМ не зафиксировано.
37295,Нет,-,2026-01-01,2026-08-31,Признаков проведения насосных ГТМ не зафиксировано.
37297,Нет,-,2026-01-01,2026-08-31,Признаков проведения насосных ГТМ не зафиксировано.
37300,Нет,-,2026-01-01,2026-08-31,Признаков проведения насосных ГТМ не зафиксировано.
37303,Нет,-,2026-01-01,2026-08-31,Признаков проведения насосных ГТМ не зафиксировано.
37313,Нет,-,2026-01-01,2026-08-31,Признаков проведения насосных ГТМ не зафиксировано.
37364,Нет,-,2026-01-01,2026-08-31,Признаков проведения насосных ГТМ не зафиксировано.
37506,Нет,-,2026-01-01,2026-08-31,Признаков проведения насосных ГТМ не зафиксировано.
37513,Да,Изменение частоты вращения ЭЦН,2026-04-20,2026-04-23,Зафиксирован старт 'Изменение частоты вращения ЭЦН' от 20.04.2026. Базовый дебит Q_base = 25.9 т/сут. Окончание эффекта: 23.04.2026.
37575,Нет,-,2026-01-01,2026-08-31,Признаков проведения насосных ГТМ не зафиксировано.
37670,Нет,-,2026-01-01,2026-08-31,Признаков проведения насосных ГТМ не зафиксировано.
37797,Нет,-,2026-01-01,2026-08-31,Признаков проведения насосных ГТМ не зафиксировано.
37811,Нет,-,2026-01-01,2026-08-31,Признаков проведения насосных ГТМ не зафиксировано.
37812,Нет,-,2026-01-01,2026-08-31,Признаков проведения насосных ГТМ не зафиксировано.
37813,Нет,-,2026-01-01,2026-08-31,Признаков проведения насосных ГТМ не зафиксировано.
37846,Нет,-,2026-01-01,2026-08-31,Признаков проведения насосных ГТМ не зафиксировано.
37982,Нет,-,2026-01-01,2026-08-31,Признаков проведения насосных ГТМ не зафиксировано.
38024,Нет,-,2026-01-01,2026-08-31,Признаков проведения насосных ГТМ не зафиксировано.
38028,Нет,-,2026-01-01,2026-08-31,Признаков проведения насосных ГТМ не зафиксировано.
38098,Нет,-,2026-01-01,2026-08-31,Признаков проведения насосных ГТМ не зафиксировано.
38102,Нет,-,2026-01-01,2026-08-31,Признаков проведения насосных ГТМ не зафиксировано.
38164,Нет,-,2026-01-01,2026-08-31,Признаков проведения насосных ГТМ не зафиксировано.
38184,Нет,-,2026-01-01,2026-08-31,Признаков проведения насосных ГТМ не зафиксировано.
38232,Нет,-,2026-01-01,2026-08-31,Признаков проведения насосных ГТМ не зафиксировано.
38298,Нет,-,2026-01-01,2026-08-31,Признаков проведения насосных ГТМ не зафиксировано.
38601,Нет,-,2026-01-01,2026-08-31,Признаков проведения насосных ГТМ не зафиксировано.
38617,Нет,-,2026-01-01,2026-08-31,Признаков проведения насосных ГТМ не зафиксировано.
38907,Нет,-,2026-01-01,2026-08-31,Признаков проведения насосных ГТМ не зафиксировано.
39001,Нет,-,2026-01-01,2026-08-31,Признаков проведения насосных ГТМ не зафиксировано.
39010,Нет,-,2026-01-01,2026-08-31,Признаков проведения насосных ГТМ не зафиксировано.
39017,Да,Изменение частоты вращения ЭЦН,2026-05-12,2026-05-13,Зафиксирован старт 'Изменение частоты вращения ЭЦН' от 12.05.2026. Базовый дебит Q_base = 4.7 т/сут. Окончание эффекта: 13.05.2026.
39028,Да,Изменение частоты вращения ЭЦН,2026-02-14,2026-03-27,Зафиксирован старт 'Изменение частоты вращения ЭЦН' от 14.02.2026. Базовый дебит Q_base = 1.9 т/сут. Окончание эффекта: 27.03.2026.
39077,Нет,-,2026-01-01,2026-08-31,Признаков проведения насосных ГТМ не зафиксировано.
39142,Нет,-,2026-01-01,2026-08-31,Признаков проведения насосных ГТМ не зафиксировано.
39209,Нет,-,2026-01-01,2026-08-31,Признаков проведения насосных ГТМ не зафиксировано.
39321,Нет,-,2026-01-01,2026-08-31,Признаков проведения насосных ГТМ не зафиксировано.
40002,Нет,-,2026-01-01,2026-08-31,Признаков проведения насосных ГТМ не зафиксировано.
40005,Нет,-,2026-01-01,2026-08-31,Признаков проведения насосных ГТМ не зафиксировано.
40059ЕБ,Нет,-,2026-01-01,2026-08-31,Признаков проведения насосных ГТМ не зафиксировано.
40090,Нет,-,2026-01-01,2026-08-31,Признаков проведения насосных ГТМ не зафиксировано.
40107,Нет,-,2026-01-01,2026-08-31,Признаков проведения насосных ГТМ не зафиксировано.
40336,Нет,-,2026-01-01,2026-08-31,Признаков проведения насосных ГТМ не зафиксировано.
40355,Нет,-,2026-01-01,2026-08-31,Признаков проведения насосных ГТМ не зафиксировано.
40411,Нет,-,2026-01-01,2026-08-31,Признаков проведения насосных ГТМ не зафиксировано.
40438,Нет,-,2026-01-01,2026-08-31,Признаков проведения насосных ГТМ не зафиксировано.
40481,Нет,-,2026-01-01,2026-08-31,Признаков проведения насосных ГТМ не зафиксировано.
40485,Нет,-,2026-01-01,2026-08-31,Признаков проведения насосных ГТМ не зафиксировано.
40514,Нет,-,2026-01-01,2026-08-31,Признаков проведения насосных ГТМ не зафиксировано.
40604,Нет,-,2026-01-01,2026-08-31,Признаков проведения насосных ГТМ не зафиксировано.
40616,Нет,-,2026-01-01,2026-08-31,Признаков проведения насосных ГТМ не зафиксировано.
40662,Нет,-,2026-01-01,2026-08-31,Признаков проведения насосных ГТМ не зафиксировано.
40706,Нет,-,2026-01-01,2026-08-31,Признаков проведения насосных ГТМ не зафиксировано.
40719,Нет,-,2026-01-01,2026-08-31,Признаков проведения насосных ГТМ не зафиксировано.
40726,Нет,-,2026-01-01,2026-08-31,Признаков проведения насосных ГТМ не зафиксировано.
40939,Нет,-,2026-01-01,2026-08-31,Признаков проведения насосных ГТМ не зафиксировано.
43510,Да,Изменение частоты вращения ЭЦН,2026-01-23,2026-01-24,Зафиксирован старт 'Изменение частоты вращения ЭЦН' от 23.01.2026. Базовый дебит Q_base = 1.7 т/сут. Окончание эффекта: 24.01.2026.
43635,Нет,-,2026-01-01,2026-08-31,Признаков проведения насосных ГТМ не зафиксировано.
43796,Да,Изменение частоты вращения ЭЦН,2026-06-07,2026-06-08,Зафиксирован старт 'Изменение частоты вращения ЭЦН' от 07.06.2026. Базовый дебит Q_base = 0.2 т/сут. Окончание эффекта: 08.06.2026.
50638,Нет,-,2026-01-01,2026-08-31,Признаков проведения насосных ГТМ не зафиксировано.
51340,Да,Изменение частоты вращения ЭЦН,2026-08-12,2026-08-26,Зафиксирован старт 'Изменение частоты вращения ЭЦН' от 12.08.2026. Базовый дебит Q_base = 9.8 т/сут. Окончание эффекта: 26.08.2026.
60018,Нет,-,2026-01-01,2026-08-31,Признаков проведения насосных ГТМ не зафиксировано.
61005,Нет,-,2026-01-01,2026-08-31,Признаков проведения насосных ГТМ не зафиксировано.
65153,Нет,-,2026-01-01,2026-08-31,Признаков проведения насосных ГТМ не зафиксировано.
65223,Нет,-,2026-01-01,2026-08-31,Признаков проведения насосных ГТМ не зафиксировано.
65381,Да,Изменение частоты вращения ЭЦН,2026-01-07,2026-01-08,Зафиксирован старт 'Изменение частоты вращения ЭЦН' от 07.01.2026. Базовый дебит Q_base = 0.7 т/сут. Окончание эффекта: 08.01.2026.
65976,Нет,-,2026-01-01,2026-08-31,Признаков проведения насосных ГТМ не зафиксировано.
75191У,Да,Изменение частоты вращения ЭЦН,2026-01-02,2026-08-31,Зафиксирован старт 'Изменение частоты вращения ЭЦН' от 02.01.2026. Базовый дебит Q_base = nan т/сут. Окончание эффекта: 31.08.2026.
75221,Нет,-,2026-01-01,2026-08-31,Признаков проведения насосных ГТМ не зафиксировано.
75516,Нет,-,2026-01-01,2026-08-31,Признаков проведения насосных ГТМ не зафиксировано.
80139,Нет,-,2026-01-01,2026-08-31,Признаков проведения насосных ГТМ не зафиксировано.
81002,Нет,-,2026-01-01,2026-08-31,Признаков проведения насосных ГТМ не зафиксировано.
81003,Нет,-,2026-01-01,2026-08-31,Признаков проведения насосных ГТМ не зафиксировано.
81033,Нет,-,2026-01-01,2026-08-31,Признаков проведения насосных ГТМ не зафиксировано.
81034,Нет,-,2026-01-01,2026-08-31,Признаков проведения насосных ГТМ не зафиксировано.
81038,Нет,-,2026-01-01,2026-08-31,Признаков проведения насосных ГТМ не зафиксировано.
85047,Да,Изменение частоты вращения ЭЦН,2026-05-04,2026-05-05,Зафиксирован старт 'Изменение частоты вращения ЭЦН' от 04.05.2026. Базовый дебит Q_base = 5.3 т/сут. Окончание эффекта: 05.05.2026.
85124,Нет,-,2026-01-01,2026-08-31,Признаков проведения насосных ГТМ не зафиксировано.
582,Нет,-,2026-01-01,2026-08-31,Признаков проведения насосных ГТМ не зафиксировано.
639,Нет,-,2026-01-01,2026-08-31,Признаков проведения насосных ГТМ не зафиксировано.
4526,Нет,-,2026-01-01,2026-08-31,Признаков проведения насосных ГТМ не зафиксировано.
4570,Нет,-,2026-01-01,2026-08-31,Признаков проведения насосных ГТМ не зафиксировано.
5354Б,Нет,-,2026-01-01,2026-08-31,Признаков проведения насосных ГТМ не зафиксировано.
10181,Да,Изменение частоты вращения ЭЦН,2026-01-03,2026-08-31,Зафиксирован старт 'Изменение частоты вращения ЭЦН' от 03.01.2026. Базовый дебит Q_base = nan т/сут. Окончание эффекта: 31.08.2026.
12717,Нет,-,2026-01-01,2026-08-31,Признаков проведения насосных ГТМ не зафиксировано.
12730,Нет,-,2026-01-01,2026-08-31,Признаков проведения насосных ГТМ не зафиксировано.
12841,Нет,-,2026-01-01,2026-08-31,Признаков проведения насосных ГТМ не зафиксировано.
13057,Нет,-,2026-01-01,2026-08-31,Признаков проведения насосных ГТМ не зафиксировано.
13901,Нет,-,2026-01-01,2026-08-31,Признаков проведения насосных ГТМ не зафиксировано.
15298,Нет,-,2026-01-01,2026-08-31,Признаков проведения насосных ГТМ не зафиксировано.
16680,Нет,-,2026-01-01,2026-08-31,Признаков проведения насосных ГТМ не зафиксировано.
16713,Нет,-,2026-01-01,2026-08-31,Признаков проведения насосных ГТМ не зафиксировано.
17942,Нет,-,2026-01-01,2026-08-31,Признаков проведения насосных ГТМ не зафиксировано.
19957,Нет,-,2026-01-01,2026-08-31,Признаков проведения насосных ГТМ не зафиксировано.
25779,Нет,-,2026-01-01,2026-08-31,Признаков проведения насосных ГТМ не зафиксировано.
26963,Да,Изменение частоты вращения ЭЦН,2026-02-03,2026-02-04,Зафиксирован старт 'Изменение частоты вращения ЭЦН' от 03.02.2026. Базовый дебит Q_base = 11.8 т/сут. Окончание эффекта: 04.02.2026.
34571,Нет,-,2026-01-01,2026-08-31,Признаков проведения насосных ГТМ не зафиксировано.
35456,Нет,-,2026-01-01,2026-08-31,Признаков проведения насосных ГТМ не зафиксировано.
35959,Нет,-,2026-01-01,2026-08-31,Признаков проведения насосных ГТМ не зафиксировано.
36135,Да,Изменение частоты вращения ЭЦН,2026-01-06,2026-01-07,Зафиксирован старт 'Изменение частоты вращения ЭЦН' от 06.01.2026. Базовый дебит Q_base = 16.0 т/сут. Окончание эффекта: 07.01.2026.
36157,Нет,-,2026-01-01,2026-08-31,Признаков проведения насосных ГТМ не зафиксировано.
36420,Да,Изменение частоты вращения ЭЦН,2026-05-16,2026-05-17,Зафиксирован старт 'Изменение частоты вращения ЭЦН' от 16.05.2026. Базовый дебит Q_base = 6.9 т/сут. Окончание эффекта: 17.05.2026.
37350,Да,Изменение частоты вращения ЭЦН,2026-04-06,2026-04-07,Зафиксирован старт 'Изменение частоты вращения ЭЦН' от 06.04.2026. Базовый дебит Q_base = 13.5 т/сут. Окончание эффекта: 07.04.2026.
38080,Нет,-,2026-01-01,2026-08-31,Признаков проведения насосных ГТМ не зафиксировано.
39215,Нет,-,2026-01-01,2026-08-31,Признаков проведения насосных ГТМ не зафиксировано.
50756,Нет,-,2026-01-01,2026-08-31,Признаков проведения насосных ГТМ не зафиксировано.
430,Нет,-,2026-01-01,2026-08-31,Признаков проведения насосных ГТМ не зафиксировано.
565,Нет,-,2026-01-01,2026-08-31,Признаков проведения насосных ГТМ не зафиксировано.
570Е,Нет,-,2026-01-01,2026-08-31,Признаков проведения насосных ГТМ не зафиксировано.
653,Нет,-,2026-01-01,2026-08-31,Признаков проведения насосных ГТМ не зафиксировано.
1107Е,Нет,-,2026-01-01,2026-08-31,Признаков проведения насосных ГТМ не зафиксировано.
1207,Нет,-,2026-01-01,2026-08-31,Признаков проведения насосных ГТМ не зафиксировано.
2046Б,Нет,-,2026-01-01,2026-08-31,Признаков проведения насосных ГТМ не зафиксировано.
2593,Нет,-,2026-01-01,2026-08-31,Признаков проведения насосных ГТМ не зафиксировано.
2954Б,Нет,-,2026-01-01,2026-08-31,Признаков проведения насосных ГТМ не зафиксировано.
3598,Нет,-,2026-01-01,2026-08-31,Признаков проведения насосных ГТМ не зафиксировано.
5077,Нет,-,2026-01-01,2026-08-31,Признаков проведения насосных ГТМ не зафиксировано.
5482,Нет,-,2026-01-01,2026-08-31,Признаков проведения насосных ГТМ не зафиксировано.
5701,Нет,-,2026-01-01,2026-08-31,Признаков проведения насосных ГТМ не зафиксировано.
6097,Да,Изменение частоты вращения ЭЦН,2026-08-17,2026-08-18,Зафиксирован старт 'Изменение частоты вращения ЭЦН' от 17.08.2026. Базовый дебит Q_base = 46.0 т/сут. Окончание эффекта: 18.08.2026.
6241Б,Нет,-,2026-01-01,2026-08-31,Признаков проведения насосных ГТМ не зафиксировано.
6541,Нет,-,2026-01-01,2026-08-31,Признаков проведения насосных ГТМ не зафиксировано.
6664,Нет,-,2026-01-01,2026-08-31,Признаков проведения насосных ГТМ не зафиксировано.
6668,Нет,-,2026-01-01,2026-08-31,Признаков проведения насосных ГТМ не зафиксировано.
6950,Нет,-,2026-01-01,2026-08-31,Признаков проведения насосных ГТМ не зафиксировано.
7025,Нет,-,2026-01-01,2026-08-31,Признаков проведения насосных ГТМ не зафиксировано.
7039,Нет,-,2026-01-01,2026-08-31,Признаков проведения насосных ГТМ не зафиксировано.
7057,Нет,-,2026-01-01,2026-08-31,Признаков проведения насосных ГТМ не зафиксировано.
8222,Нет,-,2026-01-01,2026-08-31,Признаков проведения насосных ГТМ не зафиксировано.
9001,Нет,-,2026-01-01,2026-08-31,Признаков проведения насосных ГТМ не зафиксировано.
10035,Нет,-,2026-01-01,2026-08-31,Признаков проведения насосных ГТМ не зафиксировано.
10279,Нет,-,2026-01-01,2026-08-31,Признаков проведения насосных ГТМ не зафиксировано.
10446,Да,Изменение частоты вращения ЭЦН,2026-08-26,2026-08-31,Зафиксирован старт 'Изменение частоты вращения ЭЦН' от 26.08.2026. Базовый дебит Q_base = 2.9 т/сут. Окончание эффекта: 31.08.2026.
10970Е,Нет,-,2026-01-01,2026-08-31,Признаков проведения насосных ГТМ не зафиксировано.
11038С,Нет,-,2026-01-01,2026-08-31,Признаков проведения насосных ГТМ не зафиксировано.
11143,Нет,-,2026-01-01,2026-08-31,Признаков проведения насосных ГТМ не зафиксировано.
11185,Нет,-,2026-01-01,2026-08-31,Признаков проведения насосных ГТМ не зафиксировано.
11435,Нет,-,2026-01-01,2026-08-31,Признаков проведения насосных ГТМ не зафиксировано.
11452,Нет,-,2026-01-01,2026-08-31,Признаков проведения насосных ГТМ не зафиксировано.
11485,Да,Изменение частоты вращения ЭЦН,2026-08-25,2026-08-31,Зафиксирован старт 'Изменение частоты вращения ЭЦН' от 25.08.2026. Базовый дебит Q_base = 3.1 т/сут. Окончание эффекта: 31.08.2026.
11549,Нет,-,2026-01-01,2026-08-31,Признаков проведения насосных ГТМ не зафиксировано.
11580,Нет,-,2026-01-01,2026-08-31,Признаков проведения насосных ГТМ не зафиксировано.
11637,Да,Изменение частоты вращения ЭЦН,2026-04-30,2026-05-01,Зафиксирован старт 'Изменение частоты вращения ЭЦН' от 30.04.2026. Базовый дебит Q_base = 2.4 т/сут. Окончание эффекта: 01.05.2026.
11660,Нет,-,2026-01-01,2026-08-31,Признаков проведения насосных ГТМ не зафиксировано.
11735,Нет,-,2026-01-01,2026-08-31,Признаков проведения насосных ГТМ не зафиксировано.
11771,Нет,-,2026-01-01,2026-08-31,Признаков проведения насосных ГТМ не зафиксировано.
11806,Да,Изменение частоты вращения ЭЦН,2026-01-09,2026-01-10,Зафиксирован старт 'Изменение частоты вращения ЭЦН' от 09.01.2026. Базовый дебит Q_base = 20.0 т/сут. Окончание эффекта: 10.01.2026.
11838,Нет,-,2026-01-01,2026-08-31,Признаков проведения насосных ГТМ не зафиксировано.
11845,Нет,-,2026-01-01,2026-08-31,Признаков проведения насосных ГТМ не зафиксировано.
11926,Нет,-,2026-01-01,2026-08-31,Признаков проведения насосных ГТМ не зафиксировано.
11945,Нет,-,2026-01-01,2026-08-31,Признаков проведения насосных ГТМ не зафиксировано.
11999,Да,Изменение частоты вращения ЭЦН,2026-03-02,2026-03-03,Зафиксирован старт 'Изменение частоты вращения ЭЦН' от 02.03.2026. Базовый дебит Q_base = 3.2 т/сут. Окончание эффекта: 03.03.2026.
12038,Нет,-,2026-01-01,2026-08-31,Признаков проведения насосных ГТМ не зафиксировано.
12082,Нет,-,2026-01-01,2026-08-31,Признаков проведения насосных ГТМ не зафиксировано.
12242,Нет,-,2026-01-01,2026-08-31,Признаков проведения насосных ГТМ не зафиксировано.
12300,Нет,-,2026-01-01,2026-08-31,Признаков проведения насосных ГТМ не зафиксировано.
12445,Нет,-,2026-01-01,2026-08-31,Признаков проведения насосных ГТМ не зафиксировано.
12561,Нет,-,2026-01-01,2026-08-31,Признаков проведения насосных ГТМ не зафиксировано.
12610,Нет,-,2026-01-01,2026-08-31,Признаков проведения насосных ГТМ не зафиксировано.
12752,Нет,-,2026-01-01,2026-08-31,Признаков проведения насосных ГТМ не зафиксировано.
12755,Нет,-,2026-01-01,2026-08-31,Признаков проведения насосных ГТМ не зафиксировано.
13167,Нет,-,2026-01-01,2026-08-31,Признаков проведения насосных ГТМ не зафиксировано.
13787,Нет,-,2026-01-01,2026-08-31,Признаков проведения насосных ГТМ не зафиксировано.
14119,Нет,-,2026-01-01,2026-08-31,Признаков проведения насосных ГТМ не зафиксировано.
14186,Нет,-,2026-01-01,2026-08-31,Признаков проведения насосных ГТМ не зафиксировано.
14632,Нет,-,2026-01-01,2026-08-31,Признаков проведения насосных ГТМ не зафиксировано.
14633,Нет,-,2026-01-01,2026-08-31,Признаков проведения насосных ГТМ не зафиксировано.
14721,Нет,-,2026-01-01,2026-08-31,Признаков проведения насосных ГТМ не зафиксировано.
15024,Нет,-,2026-01-01,2026-08-31,Признаков проведения насосных ГТМ не зафиксировано.
15105,Нет,-,2026-01-01,2026-08-31,Признаков проведения насосных ГТМ не зафиксировано.
15174,Нет,-,2026-01-01,2026-08-31,Признаков проведения насосных ГТМ не зафиксировано.
15239,Да,Изменение частоты вращения ЭЦН,2026-02-11,2026-03-12,Зафиксирован старт 'Изменение частоты вращения ЭЦН' от 11.02.2026. Базовый дебит Q_base = 0.8 т/сут. Окончание эффекта: 12.03.2026.
15651,Нет,-,2026-01-01,2026-08-31,Признаков проведения насосных ГТМ не зафиксировано.
15720,Да,Изменение частоты вращения ЭЦН,2026-03-30,2026-03-31,Зафиксирован старт 'Изменение частоты вращения ЭЦН' от 30.03.2026. Базовый дебит Q_base = 0.0 т/сут. Окончание эффекта: 31.03.2026.
16372,Да,Изменение частоты вращения ЭЦН,2026-07-14,2026-07-20,Зафиксирован старт 'Изменение частоты вращения ЭЦН' от 14.07.2026. Базовый дебит Q_base = 0.8 т/сут. Окончание эффекта: 20.07.2026.
16425,Нет,-,2026-01-01,2026-08-31,Признаков проведения насосных ГТМ не зафиксировано.
16568,Нет,-,2026-01-01,2026-08-31,Признаков проведения насосных ГТМ не зафиксировано.
16646,Нет,-,2026-01-01,2026-08-31,Признаков проведения насосных ГТМ не зафиксировано.
16669,Нет,-,2026-01-01,2026-08-31,Признаков проведения насосных ГТМ не зафиксировано.
16729,Нет,-,2026-01-01,2026-08-31,Признаков проведения насосных ГТМ не зафиксировано.
16730,Нет,-,2026-01-01,2026-08-31,Признаков проведения насосных ГТМ не зафиксировано.
16765,Нет,-,2026-01-01,2026-08-31,Признаков проведения насосных ГТМ не зафиксировано.
16794,Нет,-,2026-01-01,2026-08-31,Признаков проведения насосных ГТМ не зафиксировано.
16886,Да,Изменение частоты вращения ЭЦН,2026-08-24,2026-08-25,Зафиксирован старт 'Изменение частоты вращения ЭЦН' от 24.08.2026. Базовый дебит Q_base = 11.2 т/сут. Окончание эффекта: 25.08.2026.
17236,Нет,-,2026-01-01,2026-08-31,Признаков проведения насосных ГТМ не зафиксировано.
17660,Нет,-,2026-01-01,2026-08-31,Признаков проведения насосных ГТМ не зафиксировано.
17932,Нет,-,2026-01-01,2026-08-31,Признаков проведения насосных ГТМ не зафиксировано.
19151,Нет,-,2026-01-01,2026-08-31,Признаков проведения насосных ГТМ не зафиксировано.
19516,Нет,-,2026-01-01,2026-08-31,Признаков проведения насосных ГТМ не зафиксировано.
19922,Нет,-,2026-01-01,2026-08-31,Признаков проведения насосных ГТМ не зафиксировано.
25504,Нет,-,2026-01-01,2026-08-31,Признаков проведения насосных ГТМ не зафиксировано.
26002,Нет,-,2026-01-01,2026-08-31,Признаков проведения насосных ГТМ не зафиксировано.
26340,Нет,-,2026-01-01,2026-08-31,Признаков проведения насосных ГТМ не зафиксировано.
27047,Нет,-,2026-01-01,2026-08-31,Признаков проведения насосных ГТМ не зафиксировано.
27054,Да,Изменение частоты вращения ЭЦН,2026-02-15,2026-02-16,Зафиксирован старт 'Изменение частоты вращения ЭЦН' от 15.02.2026. Базовый дебит Q_base = 2.0 т/сут. Окончание эффекта: 16.02.2026.
27424,Да,Изменение частоты вращения ЭЦН,2026-08-08,2026-08-09,Зафиксирован старт 'Изменение частоты вращения ЭЦН' от 08.08.2026. Базовый дебит Q_base = 7.9 т/сут. Окончание эффекта: 09.08.2026.
29975,Нет,-,2026-01-01,2026-08-31,Признаков проведения насосных ГТМ не зафиксировано.
30039,Нет,-,2026-01-01,2026-08-31,Признаков проведения насосных ГТМ не зафиксировано.
30046,Нет,-,2026-01-01,2026-08-31,Признаков проведения насосных ГТМ не зафиксировано.
30102,Нет,-,2026-01-01,2026-08-31,Признаков проведения насосных ГТМ не зафиксировано.
30173,Нет,-,2026-01-01,2026-08-31,Признаков проведения насосных ГТМ не зафиксировано.
30587,Нет,-,2026-01-01,2026-08-31,Признаков проведения насосных ГТМ не зафиксировано.
30699,Нет,-,2026-01-01,2026-08-31,Признаков проведения насосных ГТМ не зафиксировано.
30900,Нет,-,2026-01-01,2026-08-31,Признаков проведения насосных ГТМ не зафиксировано.
31482,Да,Изменение частоты вращения ЭЦН,2026-03-17,2026-04-11,Зафиксирован старт 'Изменение частоты вращения ЭЦН' от 17.03.2026. Базовый дебит Q_base = 2.4 т/сут. Окончание эффекта: 11.04.2026.
31500,Нет,-,2026-01-01,2026-08-31,Признаков проведения насосных ГТМ не зафиксировано.
32759,Нет,-,2026-01-01,2026-08-31,Признаков проведения насосных ГТМ не зафиксировано.
35090,Нет,-,2026-01-01,2026-08-31,Признаков проведения насосных ГТМ не зафиксировано.
35150,Нет,-,2026-01-01,2026-08-31,Признаков проведения насосных ГТМ не зафиксировано.
35260,Нет,-,2026-01-01,2026-08-31,Признаков проведения насосных ГТМ не зафиксировано.
35344,Нет,-,2026-01-01,2026-08-31,Признаков проведения насосных ГТМ не зафиксировано.
35530,Нет,-,2026-01-01,2026-08-31,Признаков проведения насосных ГТМ не зафиксировано.
35680,Нет,-,2026-01-01,2026-08-31,Признаков проведения насосных ГТМ не зафиксировано.
35711,Нет,-,2026-01-01,2026-08-31,Признаков проведения насосных ГТМ не зафиксировано.
35782,Нет,-,2026-01-01,2026-08-31,Признаков проведения насосных ГТМ не зафиксировано.
35791,Нет,-,2026-01-01,2026-08-31,Признаков проведения насосных ГТМ не зафиксировано.
35852,Нет,-,2026-01-01,2026-08-31,Признаков проведения насосных ГТМ не зафиксировано.
35864,Нет,-,2026-01-01,2026-08-31,Признаков проведения насосных ГТМ не зафиксировано.
35943,Нет,-,2026-01-01,2026-08-31,Признаков проведения насосных ГТМ не зафиксировано.
36022,Нет,-,2026-01-01,2026-08-31,Признаков проведения насосных ГТМ не зафиксировано.
36043,Нет,-,2026-01-01,2026-08-31,Признаков проведения насосных ГТМ не зафиксировано.
36087,Нет,-,2026-01-01,2026-08-31,Признаков проведения насосных ГТМ не зафиксировано.
36091,Нет,-,2026-01-01,2026-08-31,Признаков проведения насосных ГТМ не зафиксировано.
36119,Да,Изменение частоты вращения ЭЦН,2026-07-23,2026-07-24,Зафиксирован старт 'Изменение частоты вращения ЭЦН' от 23.07.2026. Базовый дебит Q_base = 19.2 т/сут. Окончание эффекта: 24.07.2026.
36133,Нет,-,2026-01-01,2026-08-31,Признаков проведения насосных ГТМ не зафиксировано.
36145,Нет,-,2026-01-01,2026-08-31,Признаков проведения насосных ГТМ не зафиксировано.
36180,Нет,-,2026-01-01,2026-08-31,Признаков проведения насосных ГТМ не зафиксировано.
36215,Нет,-,2026-01-01,2026-08-31,Признаков проведения насосных ГТМ не зафиксировано.
36337,Нет,-,2026-01-01,2026-08-31,Признаков проведения насосных ГТМ не зафиксировано.
36438,Нет,-,2026-01-01,2026-08-31,Признаков проведения насосных ГТМ не зафиксировано.
37018,Нет,-,2026-01-01,2026-08-31,Признаков проведения насосных ГТМ не зафиксировано.
37225,Нет,-,2026-01-01,2026-08-31,Признаков проведения насосных ГТМ не зафиксировано.
37262,Нет,-,2026-01-01,2026-08-31,Признаков проведения насосных ГТМ не зафиксировано.
37514,Нет,-,2026-01-01,2026-08-31,Признаков проведения насосных ГТМ не зафиксировано.
37579,Нет,-,2026-01-01,2026-08-31,Признаков проведения насосных ГТМ не зафиксировано.
37592,Нет,-,2026-01-01,2026-08-31,Признаков проведения насосных ГТМ не зафиксировано.
37648,Да,Изменение частоты вращения ЭЦН,2026-08-19,2026-08-20,Зафиксирован старт 'Изменение частоты вращения ЭЦН' от 19.08.2026. Базовый дебит Q_base = 3.1 т/сут. Окончание эффекта: 20.08.2026.
37833,Нет,-,2026-01-01,2026-08-31,Признаков проведения насосных ГТМ не зафиксировано.
38200,Нет,-,2026-01-01,2026-08-31,Признаков проведения насосных ГТМ не зафиксировано.
38301,Нет,-,2026-01-01,2026-08-31,Признаков проведения насосных ГТМ не зафиксировано.
38386,Нет,-,2026-01-01,2026-08-31,Признаков проведения насосных ГТМ не зафиксировано.
38409,Да,Изменение частоты вращения ЭЦН,2026-07-05,2026-07-06,Зафиксирован старт 'Изменение частоты вращения ЭЦН' от 05.07.2026. Базовый дебит Q_base = 8.5 т/сут. Окончание эффекта: 06.07.2026.
38512,Нет,-,2026-01-01,2026-08-31,Признаков проведения насосных ГТМ не зафиксировано.
38742,Нет,-,2026-01-01,2026-08-31,Признаков проведения насосных ГТМ не зафиксировано.
39065,Нет,-,2026-01-01,2026-08-31,Признаков проведения насосных ГТМ не зафиксировано.
39165,Нет,-,2026-01-01,2026-08-31,Признаков проведения насосных ГТМ не зафиксировано.
40061,Нет,-,2026-01-01,2026-08-31,Признаков проведения насосных ГТМ не зафиксировано.
40123,Нет,-,2026-01-01,2026-08-31,Признаков проведения насосных ГТМ не зафиксировано.
40151,Нет,-,2026-01-01,2026-08-31,Признаков проведения насосных ГТМ не зафиксировано.
40156,Нет,-,2026-01-01,2026-08-31,Признаков проведения насосных ГТМ не зафиксировано.
40217,Нет,-,2026-01-01,2026-08-31,Признаков проведения насосных ГТМ не зафиксировано.
40266,Нет,-,2026-01-01,2026-08-31,Признаков проведения насосных ГТМ не зафиксировано.
40392,Нет,-,2026-01-01,2026-08-31,Признаков проведения насосных ГТМ не зафиксировано.
40413,Нет,-,2026-01-01,2026-08-31,Признаков проведения насосных ГТМ не зафиксировано.
40550,Нет,-,2026-01-01,2026-08-31,Признаков проведения насосных ГТМ не зафиксировано.
41218,Нет,-,2026-01-01,2026-08-31,Признаков проведения насосных ГТМ не зафиксировано.
41818,Нет,-,2026-01-01,2026-08-31,Признаков проведения насосных ГТМ не зафиксировано.
41893,Нет,-,2026-01-01,2026-08-31,Признаков проведения насосных ГТМ не зафиксировано.
43629,Нет,-,2026-01-01,2026-08-31,Признаков проведения насосных ГТМ не зафиксировано.
51308,Да,Изменение частоты вращения ЭЦН,2026-06-06,2026-06-07,Зафиксирован старт 'Изменение частоты вращения ЭЦН' от 06.06.2026. Базовый дебит Q_base = 0.6 т/сут. Окончание эффекта: 07.06.2026.
51390,Да,Изменение частоты вращения ЭЦН,2026-08-04,2026-08-05,Зафиксирован старт 'Изменение частоты вращения ЭЦН' от 04.08.2026. Базовый дебит Q_base = 49.6 т/сут. Окончание эффекта: 05.08.2026.
60014,Нет,-,2026-01-01,2026-08-31,Признаков проведения насосных ГТМ не зафиксировано.
60016,Да,Изменение частоты вращения ЭЦН,2026-05-02,2026-05-03,Зафиксирован старт 'Изменение частоты вращения ЭЦН' от 02.05.2026. Базовый дебит Q_base = 10.0 т/сут. Окончание эффекта: 03.05.2026.
65051,Да,Изменение частоты вращения ЭЦН,2026-01-09,2026-01-10,Зафиксирован старт 'Изменение частоты вращения ЭЦН' от 09.01.2026. Базовый дебит Q_base = 18.4 т/сут. Окончание эффекта: 10.01.2026.
65080,Да,Изменение частоты вращения ЭЦН,2026-01-04,2026-01-05,Зафиксирован старт 'Изменение частоты вращения ЭЦН' от 04.01.2026. Базовый дебит Q_base = 11.3 т/сут. Окончание эффекта: 05.01.2026.
65084,Нет,-,2026-01-01,2026-08-31,Признаков проведения насосных ГТМ не зафиксировано.
75069,Нет,-,2026-01-01,2026-08-31,Признаков проведения насосных ГТМ не зафиксировано.
75279У,Нет,-,2026-01-01,2026-08-31,Признаков проведения насосных ГТМ не зафиксировано.
75410У,Нет,-,2026-01-01,2026-08-31,Признаков проведения насосных ГТМ не зафиксировано.
75484У,Нет,-,2026-01-01,2026-08-31,Признаков проведения насосных ГТМ не зафиксировано.
75486У,Нет,-,2026-01-01,2026-08-31,Признаков проведения насосных ГТМ не зафиксировано.
77203У,Нет,-,2026-01-01,2026-08-31,Признаков проведения насосных ГТМ не зафиксировано.
80670,Нет,-,2026-01-01,2026-08-31,Признаков проведения насосных ГТМ не зафиксировано.
80692,Да,Изменение частоты вращения ЭЦН,2026-07-03,2026-07-04,Зафиксирован старт 'Изменение частоты вращения ЭЦН' от 03.07.2026. Базовый дебит Q_base = 1.9 т/сут. Окончание эффекта: 04.07.2026.
